{"cameraMode":{"drawMode":0,"name":"Shaded","section":"Shading Mode"},"sceneLighting":false,"audioPlay":false,"sceneViewState":{"showFog":true,"showMaterialUpdate":false,"showSkybox":true,"showFlares":true,"showImageEffects":true,"showParticleSystems":true},"in2DMode":false,"pivot":{"x":1.7287626266479493,"y":-0.2886849641799927,"z":1.4037518501281739},"rotation":{"x":-0.025815794244408609,"y":-0.6964080929756165,"z":0.02508244290947914,"w":-0.7167428135871887},"size":9.31428337097168,"orthographic":false}