{"cameraMode":{"drawMode":0,"name":"Shaded","section":"Shading Mode"},"sceneLighting":false,"audioPlay":false,"sceneViewState":{"showFog":true,"showMaterialUpdate":false,"showSkybox":true,"showFlares":true,"showImageEffects":true,"showParticleSystems":true},"in2DMode":false,"pivot":{"x":2.750727653503418,"y":0.3033890724182129,"z":1.270224690437317},"rotation":{"x":-0.03855836018919945,"y":-0.677411675453186,"z":0.035597849637269977,"w":-0.7337298393249512},"size":9.31428337097168,"orthographic":false}